Name, Queue Size, Data Type, Num Bounces, Time (us)
lat_circular_queue, 128, int32_t, 100000, 5856
tp_circular_queue, 128, int32_t, 100000, 6389
ultra_tp_circular_queue, 128, int32_t, 100000, 7522
lat_blocking_circular_queue, 128, int32_t, 100000, 4094
tp_blocking_circular_queue, 128, int32_t, 100000, 6866
ultra_tp_blocking_circular_queue, 128, int32_t, 100000, 3823
atomic_queue, 128, int32_t, 100000, 6718
atomic_queue2, 128, int32_t, 100000, 7341
try_atomic_queue2, 128, int32_t, 100000, 13856
spsc_atomic_queue, 128, int32_t, 100000, 3071
spsc_atomic_queue2, 128, int32_t, 100000, 3440
boost_queue, 128, int32_t, 100000, 24035
spsc_boost_queue, 128, int32_t, 100000, 8189
xenium_ramalhete_queue, 128, int32_t, 100000, 9712
moodycamel_concurrentqueue, 128, int32_t, 100000, 14087
spsc_moodycamel_readerwriterqueue, 128, int32_t, 100000, 13489
spsc_moodycamel_readerwritercircularbuffer, 128, int32_t, 100000, 15593
lat_circular_queue, 128, int32_t, 100000, 5734
tp_circular_queue, 128, int32_t, 100000, 7304
ultra_tp_circular_queue, 128, int32_t, 100000, 8416
lat_blocking_circular_queue, 128, int32_t, 100000, 4660
tp_blocking_circular_queue, 128, int32_t, 100000, 5248
ultra_tp_blocking_circular_queue, 128, int32_t, 100000, 4711
atomic_queue, 128, int32_t, 100000, 6558
atomic_queue2, 128, int32_t, 100000, 7585
try_atomic_queue2, 128, int32_t, 100000, 13992
spsc_atomic_queue, 128, int32_t, 100000, 4102
spsc_atomic_queue2, 128, int32_t, 100000, 3049
boost_queue, 128, int32_t, 100000, 23864
spsc_boost_queue, 128, int32_t, 100000, 8171
xenium_ramalhete_queue, 128, int32_t, 100000, 9872
moodycamel_concurrentqueue, 128, int32_t, 100000, 14088
spsc_moodycamel_readerwriterqueue, 128, int32_t, 100000, 13004
spsc_moodycamel_readerwritercircularbuffer, 128, int32_t, 100000, 15659
lat_circular_queue, 128, int32_t, 100000, 5572
tp_circular_queue, 128, int32_t, 100000, 6959
ultra_tp_circular_queue, 128, int32_t, 100000, 7457
lat_blocking_circular_queue, 128, int32_t, 100000, 5792
tp_blocking_circular_queue, 128, int32_t, 100000, 5995
ultra_tp_blocking_circular_queue, 128, int32_t, 100000, 4930
atomic_queue, 128, int32_t, 100000, 6845
atomic_queue2, 128, int32_t, 100000, 7554
try_atomic_queue2, 128, int32_t, 100000, 13784
spsc_atomic_queue, 128, int32_t, 100000, 2800
spsc_atomic_queue2, 128, int32_t, 100000, 3774
boost_queue, 128, int32_t, 100000, 23733
spsc_boost_queue, 128, int32_t, 100000, 8050
xenium_ramalhete_queue, 128, int32_t, 100000, 10002
moodycamel_concurrentqueue, 128, int32_t, 100000, 14115
spsc_moodycamel_readerwriterqueue, 128, int32_t, 100000, 14054
spsc_moodycamel_readerwritercircularbuffer, 128, int32_t, 100000, 15758
lat_circular_queue, 128, int32_t, 100000, 5956
tp_circular_queue, 128, int32_t, 100000, 6726
ultra_tp_circular_queue, 128, int32_t, 100000, 9178
lat_blocking_circular_queue, 128, int32_t, 100000, 3828
tp_blocking_circular_queue, 128, int32_t, 100000, 5294
ultra_tp_blocking_circular_queue, 128, int32_t, 100000, 4483
atomic_queue, 128, int32_t, 100000, 6743
atomic_queue2, 128, int32_t, 100000, 7315
try_atomic_queue2, 128, int32_t, 100000, 13654
spsc_atomic_queue, 128, int32_t, 100000, 2991
spsc_atomic_queue2, 128, int32_t, 100000, 2982
boost_queue, 128, int32_t, 100000, 23961
spsc_boost_queue, 128, int32_t, 100000, 8038
xenium_ramalhete_queue, 128, int32_t, 100000, 9910
moodycamel_concurrentqueue, 128, int32_t, 100000, 19825
spsc_moodycamel_readerwriterqueue, 128, int32_t, 100000, 12756
spsc_moodycamel_readerwritercircularbuffer, 128, int32_t, 100000, 15722
lat_circular_queue, 128, int32_t, 100000, 5648
tp_circular_queue, 128, int32_t, 100000, 6828
ultra_tp_circular_queue, 128, int32_t, 100000, 6754
lat_blocking_circular_queue, 128, int32_t, 100000, 4700
tp_blocking_circular_queue, 128, int32_t, 100000, 4956
ultra_tp_blocking_circular_queue, 128, int32_t, 100000, 5278
atomic_queue, 128, int32_t, 100000, 6789
atomic_queue2, 128, int32_t, 100000, 7172
try_atomic_queue2, 128, int32_t, 100000, 13921
spsc_atomic_queue, 128, int32_t, 100000, 2893
spsc_atomic_queue2, 128, int32_t, 100000, 3619
boost_queue, 128, int32_t, 100000, 23637
spsc_boost_queue, 128, int32_t, 100000, 8044
xenium_ramalhete_queue, 128, int32_t, 100000, 9649
moodycamel_concurrentqueue, 128, int32_t, 100000, 14337
spsc_moodycamel_readerwriterqueue, 128, int32_t, 100000, 13630
spsc_moodycamel_readerwritercircularbuffer, 128, int32_t, 100000, 15686
lat_circular_queue, 128, int32_t, 100000, 6431
tp_circular_queue, 128, int32_t, 100000, 7231
ultra_tp_circular_queue, 128, int32_t, 100000, 6951
lat_blocking_circular_queue, 128, int32_t, 100000, 3879
tp_blocking_circular_queue, 128, int32_t, 100000, 6919
ultra_tp_blocking_circular_queue, 128, int32_t, 100000, 5402
atomic_queue, 128, int32_t, 100000, 6684
atomic_queue2, 128, int32_t, 100000, 7196
try_atomic_queue2, 128, int32_t, 100000, 13788
spsc_atomic_queue, 128, int32_t, 100000, 2766
spsc_atomic_queue2, 128, int32_t, 100000, 3567
boost_queue, 128, int32_t, 100000, 24216
spsc_boost_queue, 128, int32_t, 100000, 8289
xenium_ramalhete_queue, 128, int32_t, 100000, 10120
moodycamel_concurrentqueue, 128, int32_t, 100000, 14759
spsc_moodycamel_readerwriterqueue, 128, int32_t, 100000, 13612
spsc_moodycamel_readerwritercircularbuffer, 128, int32_t, 100000, 15803
lat_circular_queue, 128, int32_t, 100000, 5502
tp_circular_queue, 128, int32_t, 100000, 6879
ultra_tp_circular_queue, 128, int32_t, 100000, 6191
lat_blocking_circular_queue, 128, int32_t, 100000, 4304
tp_blocking_circular_queue, 128, int32_t, 100000, 5865
ultra_tp_blocking_circular_queue, 128, int32_t, 100000, 4641
atomic_queue, 128, int32_t, 100000, 6744
atomic_queue2, 128, int32_t, 100000, 7292
try_atomic_queue2, 128, int32_t, 100000, 13875
spsc_atomic_queue, 128, int32_t, 100000, 3546
spsc_atomic_queue2, 128, int32_t, 100000, 3054
boost_queue, 128, int32_t, 100000, 23623
spsc_boost_queue, 128, int32_t, 100000, 7890
xenium_ramalhete_queue, 128, int32_t, 100000, 10193
moodycamel_concurrentqueue, 128, int32_t, 100000, 17001
spsc_moodycamel_readerwriterqueue, 128, int32_t, 100000, 13563
spsc_moodycamel_readerwritercircularbuffer, 128, int32_t, 100000, 15096
lat_circular_queue, 128, int32_t, 100000, 6102
tp_circular_queue, 128, int32_t, 100000, 6333
ultra_tp_circular_queue, 128, int32_t, 100000, 8747
lat_blocking_circular_queue, 128, int32_t, 100000, 4123
tp_blocking_circular_queue, 128, int32_t, 100000, 5564
ultra_tp_blocking_circular_queue, 128, int32_t, 100000, 4505
atomic_queue, 128, int32_t, 100000, 6721
atomic_queue2, 128, int32_t, 100000, 7531
try_atomic_queue2, 128, int32_t, 100000, 13929
spsc_atomic_queue, 128, int32_t, 100000, 2727
spsc_atomic_queue2, 128, int32_t, 100000, 3269
boost_queue, 128, int32_t, 100000, 23979
spsc_boost_queue, 128, int32_t, 100000, 7803
xenium_ramalhete_queue, 128, int32_t, 100000, 10900
moodycamel_concurrentqueue, 128, int32_t, 100000, 14212
spsc_moodycamel_readerwriterqueue, 128, int32_t, 100000, 13659
spsc_moodycamel_readerwritercircularbuffer, 128, int32_t, 100000, 15883
lat_circular_queue, 128, int32_t, 100000, 5980
tp_circular_queue, 128, int32_t, 100000, 6012
ultra_tp_circular_queue, 128, int32_t, 100000, 7621
lat_blocking_circular_queue, 128, int32_t, 100000, 4639
tp_blocking_circular_queue, 128, int32_t, 100000, 5658
ultra_tp_blocking_circular_queue, 128, int32_t, 100000, 5375
atomic_queue, 128, int32_t, 100000, 6719
atomic_queue2, 128, int32_t, 100000, 7330
try_atomic_queue2, 128, int32_t, 100000, 13877
spsc_atomic_queue, 128, int32_t, 100000, 3075
spsc_atomic_queue2, 128, int32_t, 100000, 2660
boost_queue, 128, int32_t, 100000, 23719
spsc_boost_queue, 128, int32_t, 100000, 8248
xenium_ramalhete_queue, 128, int32_t, 100000, 9675
moodycamel_concurrentqueue, 128, int32_t, 100000, 17120
spsc_moodycamel_readerwriterqueue, 128, int32_t, 100000, 13295
spsc_moodycamel_readerwritercircularbuffer, 128, int32_t, 100000, 15401
lat_circular_queue, 128, int32_t, 100000, 6295
tp_circular_queue, 128, int32_t, 100000, 5799
ultra_tp_circular_queue, 128, int32_t, 100000, 7382
lat_blocking_circular_queue, 128, int32_t, 100000, 4233
tp_blocking_circular_queue, 128, int32_t, 100000, 4917
ultra_tp_blocking_circular_queue, 128, int32_t, 100000, 4132
atomic_queue, 128, int32_t, 100000, 6869
atomic_queue2, 128, int32_t, 100000, 7213
try_atomic_queue2, 128, int32_t, 100000, 13799
spsc_atomic_queue, 128, int32_t, 100000, 3626
spsc_atomic_queue2, 128, int32_t, 100000, 2732
boost_queue, 128, int32_t, 100000, 23879
spsc_boost_queue, 128, int32_t, 100000, 7758
xenium_ramalhete_queue, 128, int32_t, 100000, 10137
moodycamel_concurrentqueue, 128, int32_t, 100000, 17699
spsc_moodycamel_readerwriterqueue, 128, int32_t, 100000, 13169
spsc_moodycamel_readerwritercircularbuffer, 128, int32_t, 100000, 15899
lat_circular_queue, 128, int32_t, 100000, 5783
tp_circular_queue, 128, int32_t, 100000, 6315
ultra_tp_circular_queue, 128, int32_t, 100000, 7305
lat_blocking_circular_queue, 128, int32_t, 100000, 4674
tp_blocking_circular_queue, 128, int32_t, 100000, 4892
ultra_tp_blocking_circular_queue, 128, int32_t, 100000, 5546
atomic_queue, 128, int32_t, 100000, 6756
atomic_queue2, 128, int32_t, 100000, 7226
try_atomic_queue2, 128, int32_t, 100000, 13768
spsc_atomic_queue, 128, int32_t, 100000, 2773
spsc_atomic_queue2, 128, int32_t, 100000, 3476
boost_queue, 128, int32_t, 100000, 23646
spsc_boost_queue, 128, int32_t, 100000, 8321
xenium_ramalhete_queue, 128, int32_t, 100000, 9825
moodycamel_concurrentqueue, 128, int32_t, 100000, 14191
spsc_moodycamel_readerwriterqueue, 128, int32_t, 100000, 13219
spsc_moodycamel_readerwritercircularbuffer, 128, int32_t, 100000, 15761
lat_circular_queue, 128, int32_t, 100000, 5676
tp_circular_queue, 128, int32_t, 100000, 7309
ultra_tp_circular_queue, 128, int32_t, 100000, 6360
lat_blocking_circular_queue, 128, int32_t, 100000, 4134
tp_blocking_circular_queue, 128, int32_t, 100000, 5880
ultra_tp_blocking_circular_queue, 128, int32_t, 100000, 4808
atomic_queue, 128, int32_t, 100000, 6669
atomic_queue2, 128, int32_t, 100000, 7280
try_atomic_queue2, 128, int32_t, 100000, 13974
spsc_atomic_queue, 128, int32_t, 100000, 2935
spsc_atomic_queue2, 128, int32_t, 100000, 2906
boost_queue, 128, int32_t, 100000, 23782
spsc_boost_queue, 128, int32_t, 100000, 8130
xenium_ramalhete_queue, 128, int32_t, 100000, 10073
moodycamel_concurrentqueue, 128, int32_t, 100000, 16618
spsc_moodycamel_readerwriterqueue, 128, int32_t, 100000, 13262
spsc_moodycamel_readerwritercircularbuffer, 128, int32_t, 100000, 15460
lat_circular_queue, 128, int32_t, 100000, 5679
tp_circular_queue, 128, int32_t, 100000, 7731
ultra_tp_circular_queue, 128, int32_t, 100000, 7712
lat_blocking_circular_queue, 128, int32_t, 100000, 5346
tp_blocking_circular_queue, 128, int32_t, 100000, 5264
ultra_tp_blocking_circular_queue, 128, int32_t, 100000, 4196
atomic_queue, 128, int32_t, 100000, 7068
atomic_queue2, 128, int32_t, 100000, 7385
try_atomic_queue2, 128, int32_t, 100000, 13739
spsc_atomic_queue, 128, int32_t, 100000, 2814
spsc_atomic_queue2, 128, int32_t, 100000, 3960
boost_queue, 128, int32_t, 100000, 23949
spsc_boost_queue, 128, int32_t, 100000, 7956
xenium_ramalhete_queue, 128, int32_t, 100000, 10162
moodycamel_concurrentqueue, 128, int32_t, 100000, 16330
spsc_moodycamel_readerwriterqueue, 128, int32_t, 100000, 13159
spsc_moodycamel_readerwritercircularbuffer, 128, int32_t, 100000, 15799
lat_circular_queue, 128, int32_t, 100000, 6419
tp_circular_queue, 128, int32_t, 100000, 6185
ultra_tp_circular_queue, 128, int32_t, 100000, 7930
lat_blocking_circular_queue, 128, int32_t, 100000, 3838
tp_blocking_circular_queue, 128, int32_t, 100000, 4081
ultra_tp_blocking_circular_queue, 128, int32_t, 100000, 4503
atomic_queue, 128, int32_t, 100000, 6677
atomic_queue2, 128, int32_t, 100000, 7186
try_atomic_queue2, 128, int32_t, 100000, 13707
spsc_atomic_queue, 128, int32_t, 100000, 3041
spsc_atomic_queue2, 128, int32_t, 100000, 3384
boost_queue, 128, int32_t, 100000, 23403
spsc_boost_queue, 128, int32_t, 100000, 8151
xenium_ramalhete_queue, 128, int32_t, 100000, 10006
moodycamel_concurrentqueue, 128, int32_t, 100000, 17361
spsc_moodycamel_readerwriterqueue, 128, int32_t, 100000, 13300
spsc_moodycamel_readerwritercircularbuffer, 128, int32_t, 100000, 15734
lat_circular_queue, 128, int32_t, 100000, 5813
tp_circular_queue, 128, int32_t, 100000, 6670
ultra_tp_circular_queue, 128, int32_t, 100000, 7015
lat_blocking_circular_queue, 128, int32_t, 100000, 3747
tp_blocking_circular_queue, 128, int32_t, 100000, 4922
ultra_tp_blocking_circular_queue, 128, int32_t, 100000, 4622
atomic_queue, 128, int32_t, 100000, 6680
atomic_queue2, 128, int32_t, 100000, 7306
try_atomic_queue2, 128, int32_t, 100000, 13945
spsc_atomic_queue, 128, int32_t, 100000, 3639
spsc_atomic_queue2, 128, int32_t, 100000, 3325
boost_queue, 128, int32_t, 100000, 24221
spsc_boost_queue, 128, int32_t, 100000, 8036
xenium_ramalhete_queue, 128, int32_t, 100000, 9996
moodycamel_concurrentqueue, 128, int32_t, 100000, 16808
spsc_moodycamel_readerwriterqueue, 128, int32_t, 100000, 13383
spsc_moodycamel_readerwritercircularbuffer, 128, int32_t, 100000, 15729
lat_circular_queue, 128, int32_t, 100000, 6549
tp_circular_queue, 128, int32_t, 100000, 6131
ultra_tp_circular_queue, 128, int32_t, 100000, 7529
lat_blocking_circular_queue, 128, int32_t, 100000, 5736
tp_blocking_circular_queue, 128, int32_t, 100000, 5298
ultra_tp_blocking_circular_queue, 128, int32_t, 100000, 4122
atomic_queue, 128, int32_t, 100000, 6610
atomic_queue2, 128, int32_t, 100000, 7407
try_atomic_queue2, 128, int32_t, 100000, 13639
spsc_atomic_queue, 128, int32_t, 100000, 2813
spsc_atomic_queue2, 128, int32_t, 100000, 2964
boost_queue, 128, int32_t, 100000, 23954
spsc_boost_queue, 128, int32_t, 100000, 7872
xenium_ramalhete_queue, 128, int32_t, 100000, 10376
moodycamel_concurrentqueue, 128, int32_t, 100000, 17101
spsc_moodycamel_readerwriterqueue, 128, int32_t, 100000, 13070
spsc_moodycamel_readerwritercircularbuffer, 128, int32_t, 100000, 15358
lat_circular_queue, 128, int32_t, 100000, 5587
tp_circular_queue, 128, int32_t, 100000, 7589
ultra_tp_circular_queue, 128, int32_t, 100000, 10540
lat_blocking_circular_queue, 128, int32_t, 100000, 4130
tp_blocking_circular_queue, 128, int32_t, 100000, 4236
ultra_tp_blocking_circular_queue, 128, int32_t, 100000, 5904
atomic_queue, 128, int32_t, 100000, 6623
atomic_queue2, 128, int32_t, 100000, 7257
try_atomic_queue2, 128, int32_t, 100000, 13752
spsc_atomic_queue, 128, int32_t, 100000, 2722
spsc_atomic_queue2, 128, int32_t, 100000, 2869
boost_queue, 128, int32_t, 100000, 24196
spsc_boost_queue, 128, int32_t, 100000, 8103
xenium_ramalhete_queue, 128, int32_t, 100000, 10098
moodycamel_concurrentqueue, 128, int32_t, 100000, 14641
spsc_moodycamel_readerwriterqueue, 128, int32_t, 100000, 12934
spsc_moodycamel_readerwritercircularbuffer, 128, int32_t, 100000, 15436
lat_circular_queue, 128, int32_t, 100000, 5661
tp_circular_queue, 128, int32_t, 100000, 5858
ultra_tp_circular_queue, 128, int32_t, 100000, 6645
lat_blocking_circular_queue, 128, int32_t, 100000, 4719
tp_blocking_circular_queue, 128, int32_t, 100000, 5880
ultra_tp_blocking_circular_queue, 128, int32_t, 100000, 4345
atomic_queue, 128, int32_t, 100000, 6830
atomic_queue2, 128, int32_t, 100000, 7164
try_atomic_queue2, 128, int32_t, 100000, 13895
spsc_atomic_queue, 128, int32_t, 100000, 2691
spsc_atomic_queue2, 128, int32_t, 100000, 2936
boost_queue, 128, int32_t, 100000, 23818
spsc_boost_queue, 128, int32_t, 100000, 7674
xenium_ramalhete_queue, 128, int32_t, 100000, 9965
moodycamel_concurrentqueue, 128, int32_t, 100000, 13910
spsc_moodycamel_readerwriterqueue, 128, int32_t, 100000, 13163
spsc_moodycamel_readerwritercircularbuffer, 128, int32_t, 100000, 15583
lat_circular_queue, 128, int32_t, 100000, 5769
tp_circular_queue, 128, int32_t, 100000, 5733
ultra_tp_circular_queue, 128, int32_t, 100000, 6755
lat_blocking_circular_queue, 128, int32_t, 100000, 4229
tp_blocking_circular_queue, 128, int32_t, 100000, 4996
ultra_tp_blocking_circular_queue, 128, int32_t, 100000, 6616
atomic_queue, 128, int32_t, 100000, 6667
atomic_queue2, 128, int32_t, 100000, 7416
try_atomic_queue2, 128, int32_t, 100000, 13808
spsc_atomic_queue, 128, int32_t, 100000, 2724
spsc_atomic_queue2, 128, int32_t, 100000, 2798
boost_queue, 128, int32_t, 100000, 24182
spsc_boost_queue, 128, int32_t, 100000, 8007
xenium_ramalhete_queue, 128, int32_t, 100000, 10322
moodycamel_concurrentqueue, 128, int32_t, 100000, 16760
spsc_moodycamel_readerwriterqueue, 128, int32_t, 100000, 13727
spsc_moodycamel_readerwritercircularbuffer, 128, int32_t, 100000, 15796
lat_circular_queue, 128, int32_t, 100000, 5516
tp_circular_queue, 128, int32_t, 100000, 6686
ultra_tp_circular_queue, 128, int32_t, 100000, 6981
lat_blocking_circular_queue, 128, int32_t, 100000, 4479
tp_blocking_circular_queue, 128, int32_t, 100000, 6079
ultra_tp_blocking_circular_queue, 128, int32_t, 100000, 5336
atomic_queue, 128, int32_t, 100000, 6673
atomic_queue2, 128, int32_t, 100000, 7305
try_atomic_queue2, 128, int32_t, 100000, 13572
spsc_atomic_queue, 128, int32_t, 100000, 3516
spsc_atomic_queue2, 128, int32_t, 100000, 3633
boost_queue, 128, int32_t, 100000, 23948
spsc_boost_queue, 128, int32_t, 100000, 8302
xenium_ramalhete_queue, 128, int32_t, 100000, 10297
moodycamel_concurrentqueue, 128, int32_t, 100000, 16311
spsc_moodycamel_readerwriterqueue, 128, int32_t, 100000, 13024
spsc_moodycamel_readerwritercircularbuffer, 128, int32_t, 100000, 15448
lat_circular_queue, 128, int32_t, 100000, 5792
tp_circular_queue, 128, int32_t, 100000, 5789
ultra_tp_circular_queue, 128, int32_t, 100000, 6015
lat_blocking_circular_queue, 128, int32_t, 100000, 3797
tp_blocking_circular_queue, 128, int32_t, 100000, 5127
ultra_tp_blocking_circular_queue, 128, int32_t, 100000, 5372
atomic_queue, 128, int32_t, 100000, 7093
atomic_queue2, 128, int32_t, 100000, 7492
try_atomic_queue2, 128, int32_t, 100000, 13849
spsc_atomic_queue, 128, int32_t, 100000, 3022
spsc_atomic_queue2, 128, int32_t, 100000, 2886
boost_queue, 128, int32_t, 100000, 23538
spsc_boost_queue, 128, int32_t, 100000, 7893
xenium_ramalhete_queue, 128, int32_t, 100000, 10255
moodycamel_concurrentqueue, 128, int32_t, 100000, 17035
spsc_moodycamel_readerwriterqueue, 128, int32_t, 100000, 12981
spsc_moodycamel_readerwritercircularbuffer, 128, int32_t, 100000, 15142
lat_circular_queue, 128, int32_t, 100000, 5742
tp_circular_queue, 128, int32_t, 100000, 6535
ultra_tp_circular_queue, 128, int32_t, 100000, 6011
lat_blocking_circular_queue, 128, int32_t, 100000, 3973
tp_blocking_circular_queue, 128, int32_t, 100000, 4778
ultra_tp_blocking_circular_queue, 128, int32_t, 100000, 4756
atomic_queue, 128, int32_t, 100000, 7010
atomic_queue2, 128, int32_t, 100000, 7505
try_atomic_queue2, 128, int32_t, 100000, 13619
spsc_atomic_queue, 128, int32_t, 100000, 3145
spsc_atomic_queue2, 128, int32_t, 100000, 3234
boost_queue, 128, int32_t, 100000, 24197
spsc_boost_queue, 128, int32_t, 100000, 7978
xenium_ramalhete_queue, 128, int32_t, 100000, 10284
moodycamel_concurrentqueue, 128, int32_t, 100000, 14313
spsc_moodycamel_readerwriterqueue, 128, int32_t, 100000, 13169
spsc_moodycamel_readerwritercircularbuffer, 128, int32_t, 100000, 15677
lat_circular_queue, 128, int32_t, 100000, 6224
tp_circular_queue, 128, int32_t, 100000, 5885
ultra_tp_circular_queue, 128, int32_t, 100000, 6948
lat_blocking_circular_queue, 128, int32_t, 100000, 4998
tp_blocking_circular_queue, 128, int32_t, 100000, 5465
ultra_tp_blocking_circular_queue, 128, int32_t, 100000, 4827
atomic_queue, 128, int32_t, 100000, 6722
atomic_queue2, 128, int32_t, 100000, 7385
try_atomic_queue2, 128, int32_t, 100000, 13659
spsc_atomic_queue, 128, int32_t, 100000, 2785
spsc_atomic_queue2, 128, int32_t, 100000, 3222
boost_queue, 128, int32_t, 100000, 23889
spsc_boost_queue, 128, int32_t, 100000, 8050
xenium_ramalhete_queue, 128, int32_t, 100000, 10149
moodycamel_concurrentqueue, 128, int32_t, 100000, 16287
spsc_moodycamel_readerwriterqueue, 128, int32_t, 100000, 13404
spsc_moodycamel_readerwritercircularbuffer, 128, int32_t, 100000, 15934
lat_circular_queue, 128, int32_t, 100000, 5664
tp_circular_queue, 128, int32_t, 100000, 6561
ultra_tp_circular_queue, 128, int32_t, 100000, 6127
lat_blocking_circular_queue, 128, int32_t, 100000, 5169
tp_blocking_circular_queue, 128, int32_t, 100000, 4234
ultra_tp_blocking_circular_queue, 128, int32_t, 100000, 4086
atomic_queue, 128, int32_t, 100000, 6780
atomic_queue2, 128, int32_t, 100000, 7519
try_atomic_queue2, 128, int32_t, 100000, 13884
spsc_atomic_queue, 128, int32_t, 100000, 3725
spsc_atomic_queue2, 128, int32_t, 100000, 2654
boost_queue, 128, int32_t, 100000, 24016
spsc_boost_queue, 128, int32_t, 100000, 8028
xenium_ramalhete_queue, 128, int32_t, 100000, 9952
moodycamel_concurrentqueue, 128, int32_t, 100000, 16154
spsc_moodycamel_readerwriterqueue, 128, int32_t, 100000, 13368
spsc_moodycamel_readerwritercircularbuffer, 128, int32_t, 100000, 15880
lat_circular_queue, 128, int32_t, 100000, 6020
tp_circular_queue, 128, int32_t, 100000, 5992
ultra_tp_circular_queue, 128, int32_t, 100000, 5937
lat_blocking_circular_queue, 128, int32_t, 100000, 4142
tp_blocking_circular_queue, 128, int32_t, 100000, 5126
ultra_tp_blocking_circular_queue, 128, int32_t, 100000, 5756
atomic_queue, 128, int32_t, 100000, 6552
atomic_queue2, 128, int32_t, 100000, 7406
try_atomic_queue2, 128, int32_t, 100000, 13971
spsc_atomic_queue, 128, int32_t, 100000, 3365
spsc_atomic_queue2, 128, int32_t, 100000, 2771
boost_queue, 128, int32_t, 100000, 23836
spsc_boost_queue, 128, int32_t, 100000, 8333
xenium_ramalhete_queue, 128, int32_t, 100000, 10392
moodycamel_concurrentqueue, 128, int32_t, 100000, 16993
spsc_moodycamel_readerwriterqueue, 128, int32_t, 100000, 12932
spsc_moodycamel_readerwritercircularbuffer, 128, int32_t, 100000, 15646
lat_circular_queue, 128, int32_t, 100000, 5927
tp_circular_queue, 128, int32_t, 100000, 7192
ultra_tp_circular_queue, 128, int32_t, 100000, 6870
lat_blocking_circular_queue, 128, int32_t, 100000, 5725
tp_blocking_circular_queue, 128, int32_t, 100000, 6242
ultra_tp_blocking_circular_queue, 128, int32_t, 100000, 5117
atomic_queue, 128, int32_t, 100000, 6721
atomic_queue2, 128, int32_t, 100000, 7288
try_atomic_queue2, 128, int32_t, 100000, 13827
spsc_atomic_queue, 128, int32_t, 100000, 3245
spsc_atomic_queue2, 128, int32_t, 100000, 3600
boost_queue, 128, int32_t, 100000, 23648
spsc_boost_queue, 128, int32_t, 100000, 7884
xenium_ramalhete_queue, 128, int32_t, 100000, 10050
moodycamel_concurrentqueue, 128, int32_t, 100000, 16950
spsc_moodycamel_readerwriterqueue, 128, int32_t, 100000, 13297
spsc_moodycamel_readerwritercircularbuffer, 128, int32_t, 100000, 15499
lat_circular_queue, 128, int32_t, 100000, 6298
tp_circular_queue, 128, int32_t, 100000, 7749
ultra_tp_circular_queue, 128, int32_t, 100000, 8013
lat_blocking_circular_queue, 128, int32_t, 100000, 4592
tp_blocking_circular_queue, 128, int32_t, 100000, 6496
ultra_tp_blocking_circular_queue, 128, int32_t, 100000, 5345
atomic_queue, 128, int32_t, 100000, 6703
atomic_queue2, 128, int32_t, 100000, 7272
try_atomic_queue2, 128, int32_t, 100000, 13725
spsc_atomic_queue, 128, int32_t, 100000, 3692
spsc_atomic_queue2, 128, int32_t, 100000, 3529
boost_queue, 128, int32_t, 100000, 23895
spsc_boost_queue, 128, int32_t, 100000, 8113
xenium_ramalhete_queue, 128, int32_t, 100000, 10050
moodycamel_concurrentqueue, 128, int32_t, 100000, 16147
spsc_moodycamel_readerwriterqueue, 128, int32_t, 100000, 13167
spsc_moodycamel_readerwritercircularbuffer, 128, int32_t, 100000, 15739
lat_circular_queue, 128, int32_t, 100000, 5816
tp_circular_queue, 128, int32_t, 100000, 9846
ultra_tp_circular_queue, 128, int32_t, 100000, 21977
lat_blocking_circular_queue, 128, int32_t, 100000, 5477
tp_blocking_circular_queue, 128, int32_t, 100000, 6051
ultra_tp_blocking_circular_queue, 128, int32_t, 100000, 4545
atomic_queue, 128, int32_t, 100000, 6580
atomic_queue2, 128, int32_t, 100000, 7198
try_atomic_queue2, 128, int32_t, 100000, 13452
spsc_atomic_queue, 128, int32_t, 100000, 3180
spsc_atomic_queue2, 128, int32_t, 100000, 3055
boost_queue, 128, int32_t, 100000, 23861
spsc_boost_queue, 128, int32_t, 100000, 8297
xenium_ramalhete_queue, 128, int32_t, 100000, 10116
moodycamel_concurrentqueue, 128, int32_t, 100000, 13306
spsc_moodycamel_readerwriterqueue, 128, int32_t, 100000, 12867
spsc_moodycamel_readerwritercircularbuffer, 128, int32_t, 100000, 15421
lat_circular_queue, 128, int32_t, 100000, 6393
tp_circular_queue, 128, int32_t, 100000, 6264
ultra_tp_circular_queue, 128, int32_t, 100000, 7962
lat_blocking_circular_queue, 128, int32_t, 100000, 4426
tp_blocking_circular_queue, 128, int32_t, 100000, 5192
ultra_tp_blocking_circular_queue, 128, int32_t, 100000, 5204
atomic_queue, 128, int32_t, 100000, 6598
atomic_queue2, 128, int32_t, 100000, 7305
try_atomic_queue2, 128, int32_t, 100000, 13695
spsc_atomic_queue, 128, int32_t, 100000, 3779
spsc_atomic_queue2, 128, int32_t, 100000, 2997
boost_queue, 128, int32_t, 100000, 24013
spsc_boost_queue, 128, int32_t, 100000, 8237
xenium_ramalhete_queue, 128, int32_t, 100000, 9853
moodycamel_concurrentqueue, 128, int32_t, 100000, 14078
spsc_moodycamel_readerwriterqueue, 128, int32_t, 100000, 13183
spsc_moodycamel_readerwritercircularbuffer, 128, int32_t, 100000, 15647
lat_circular_queue, 128, int32_t, 100000, 6195
tp_circular_queue, 128, int32_t, 100000, 7185
ultra_tp_circular_queue, 128, int32_t, 100000, 5803
lat_blocking_circular_queue, 128, int32_t, 100000, 3892
tp_blocking_circular_queue, 128, int32_t, 100000, 5696
ultra_tp_blocking_circular_queue, 128, int32_t, 100000, 5082
atomic_queue, 128, int32_t, 100000, 7102
atomic_queue2, 128, int32_t, 100000, 7349
try_atomic_queue2, 128, int32_t, 100000, 13691
spsc_atomic_queue, 128, int32_t, 100000, 3427
spsc_atomic_queue2, 128, int32_t, 100000, 2872
boost_queue, 128, int32_t, 100000, 23801
spsc_boost_queue, 128, int32_t, 100000, 8046
xenium_ramalhete_queue, 128, int32_t, 100000, 9712
moodycamel_concurrentqueue, 128, int32_t, 100000, 13812
spsc_moodycamel_readerwriterqueue, 128, int32_t, 100000, 13187
spsc_moodycamel_readerwritercircularbuffer, 128, int32_t, 100000, 15684
lat_circular_queue, 128, int32_t, 100000, 5678
tp_circular_queue, 128, int32_t, 100000, 5844
ultra_tp_circular_queue, 128, int32_t, 100000, 6667
lat_blocking_circular_queue, 128, int32_t, 100000, 4098
tp_blocking_circular_queue, 128, int32_t, 100000, 6011
ultra_tp_blocking_circular_queue, 128, int32_t, 100000, 5560
atomic_queue, 128, int32_t, 100000, 6752
atomic_queue2, 128, int32_t, 100000, 7318
try_atomic_queue2, 128, int32_t, 100000, 13666
spsc_atomic_queue, 128, int32_t, 100000, 4055
spsc_atomic_queue2, 128, int32_t, 100000, 3570
boost_queue, 128, int32_t, 100000, 23626
spsc_boost_queue, 128, int32_t, 100000, 8140
xenium_ramalhete_queue, 128, int32_t, 100000, 10140
moodycamel_concurrentqueue, 128, int32_t, 100000, 16951
spsc_moodycamel_readerwriterqueue, 128, int32_t, 100000, 13114
spsc_moodycamel_readerwritercircularbuffer, 128, int32_t, 100000, 15449
lat_circular_queue, 128, int32_t, 100000, 5857
tp_circular_queue, 128, int32_t, 100000, 7323
ultra_tp_circular_queue, 128, int32_t, 100000, 7360
lat_blocking_circular_queue, 128, int32_t, 100000, 5100
tp_blocking_circular_queue, 128, int32_t, 100000, 7252
ultra_tp_blocking_circular_queue, 128, int32_t, 100000, 4587
atomic_queue, 128, int32_t, 100000, 6585
atomic_queue2, 128, int32_t, 100000, 7284
try_atomic_queue2, 128, int32_t, 100000, 13539
spsc_atomic_queue, 128, int32_t, 100000, 3146
spsc_atomic_queue2, 128, int32_t, 100000, 3079
boost_queue, 128, int32_t, 100000, 23944
spsc_boost_queue, 128, int32_t, 100000, 7975
xenium_ramalhete_queue, 128, int32_t, 100000, 10032
moodycamel_concurrentqueue, 128, int32_t, 100000, 16862
spsc_moodycamel_readerwriterqueue, 128, int32_t, 100000, 13403
spsc_moodycamel_readerwritercircularbuffer, 128, int32_t, 100000, 15210
lat_circular_queue, 128, int32_t, 100000, 5781
tp_circular_queue, 128, int32_t, 100000, 6364
ultra_tp_circular_queue, 128, int32_t, 100000, 7862
lat_blocking_circular_queue, 128, int32_t, 100000, 4731
tp_blocking_circular_queue, 128, int32_t, 100000, 5739
ultra_tp_blocking_circular_queue, 128, int32_t, 100000, 5436
atomic_queue, 128, int32_t, 100000, 6891
atomic_queue2, 128, int32_t, 100000, 7243
try_atomic_queue2, 128, int32_t, 100000, 14083
spsc_atomic_queue, 128, int32_t, 100000, 2964
spsc_atomic_queue2, 128, int32_t, 100000, 3426
boost_queue, 128, int32_t, 100000, 23709
spsc_boost_queue, 128, int32_t, 100000, 7931
xenium_ramalhete_queue, 128, int32_t, 100000, 10122
moodycamel_concurrentqueue, 128, int32_t, 100000, 16870
spsc_moodycamel_readerwriterqueue, 128, int32_t, 100000, 13198
spsc_moodycamel_readerwritercircularbuffer, 128, int32_t, 100000, 15507
lat_circular_queue, 128, int32_t, 100000, 5654
tp_circular_queue, 128, int32_t, 100000, 6686
ultra_tp_circular_queue, 128, int32_t, 100000, 6462
lat_blocking_circular_queue, 128, int32_t, 100000, 3803
tp_blocking_circular_queue, 128, int32_t, 100000, 6172
ultra_tp_blocking_circular_queue, 128, int32_t, 100000, 4797
atomic_queue, 128, int32_t, 100000, 6730
atomic_queue2, 128, int32_t, 100000, 7450
try_atomic_queue2, 128, int32_t, 100000, 13538
spsc_atomic_queue, 128, int32_t, 100000, 3949
spsc_atomic_queue2, 128, int32_t, 100000, 2942
boost_queue, 128, int32_t, 100000, 24066
spsc_boost_queue, 128, int32_t, 100000, 8258
xenium_ramalhete_queue, 128, int32_t, 100000, 9676
moodycamel_concurrentqueue, 128, int32_t, 100000, 17002
spsc_moodycamel_readerwriterqueue, 128, int32_t, 100000, 13160
spsc_moodycamel_readerwritercircularbuffer, 128, int32_t, 100000, 15491
lat_circular_queue, 128, int32_t, 100000, 5570
tp_circular_queue, 128, int32_t, 100000, 5882
ultra_tp_circular_queue, 128, int32_t, 100000, 7820
lat_blocking_circular_queue, 128, int32_t, 100000, 4214
tp_blocking_circular_queue, 128, int32_t, 100000, 4831
ultra_tp_blocking_circular_queue, 128, int32_t, 100000, 5433
atomic_queue, 128, int32_t, 100000, 6658
atomic_queue2, 128, int32_t, 100000, 7193
try_atomic_queue2, 128, int32_t, 100000, 13888
spsc_atomic_queue, 128, int32_t, 100000, 3311
spsc_atomic_queue2, 128, int32_t, 100000, 2822
boost_queue, 128, int32_t, 100000, 23958
spsc_boost_queue, 128, int32_t, 100000, 8046
xenium_ramalhete_queue, 128, int32_t, 100000, 9817
moodycamel_concurrentqueue, 128, int32_t, 100000, 16125
spsc_moodycamel_readerwriterqueue, 128, int32_t, 100000, 13425
spsc_moodycamel_readerwritercircularbuffer, 128, int32_t, 100000, 15275
lat_circular_queue, 128, int32_t, 100000, 6015
tp_circular_queue, 128, int32_t, 100000, 6922
ultra_tp_circular_queue, 128, int32_t, 100000, 8557
lat_blocking_circular_queue, 128, int32_t, 100000, 3918
tp_blocking_circular_queue, 128, int32_t, 100000, 5733
ultra_tp_blocking_circular_queue, 128, int32_t, 100000, 4349
atomic_queue, 128, int32_t, 100000, 6819
atomic_queue2, 128, int32_t, 100000, 7205
try_atomic_queue2, 128, int32_t, 100000, 13639
spsc_atomic_queue, 128, int32_t, 100000, 2907
spsc_atomic_queue2, 128, int32_t, 100000, 3149
boost_queue, 128, int32_t, 100000, 23451
spsc_boost_queue, 128, int32_t, 100000, 8059
xenium_ramalhete_queue, 128, int32_t, 100000, 10229
moodycamel_concurrentqueue, 128, int32_t, 100000, 17062
spsc_moodycamel_readerwriterqueue, 128, int32_t, 100000, 13729
spsc_moodycamel_readerwritercircularbuffer, 128, int32_t, 100000, 15721
lat_circular_queue, 128, int32_t, 100000, 5496
tp_circular_queue, 128, int32_t, 100000, 5785
ultra_tp_circular_queue, 128, int32_t, 100000, 8890
lat_blocking_circular_queue, 128, int32_t, 100000, 5025
tp_blocking_circular_queue, 128, int32_t, 100000, 4586
ultra_tp_blocking_circular_queue, 128, int32_t, 100000, 4766
atomic_queue, 128, int32_t, 100000, 6651
atomic_queue2, 128, int32_t, 100000, 7594
try_atomic_queue2, 128, int32_t, 100000, 13758
spsc_atomic_queue, 128, int32_t, 100000, 2989
spsc_atomic_queue2, 128, int32_t, 100000, 3734
boost_queue, 128, int32_t, 100000, 23764
spsc_boost_queue, 128, int32_t, 100000, 7749
xenium_ramalhete_queue, 128, int32_t, 100000, 10140
moodycamel_concurrentqueue, 128, int32_t, 100000, 13101
spsc_moodycamel_readerwriterqueue, 128, int32_t, 100000, 13024
spsc_moodycamel_readerwritercircularbuffer, 128, int32_t, 100000, 15409
lat_circular_queue, 128, int32_t, 100000, 5906
tp_circular_queue, 128, int32_t, 100000, 6828
ultra_tp_circular_queue, 128, int32_t, 100000, 7023
lat_blocking_circular_queue, 128, int32_t, 100000, 4278
tp_blocking_circular_queue, 128, int32_t, 100000, 5692
ultra_tp_blocking_circular_queue, 128, int32_t, 100000, 5210
atomic_queue, 128, int32_t, 100000, 6704
atomic_queue2, 128, int32_t, 100000, 7314
try_atomic_queue2, 128, int32_t, 100000, 13531
spsc_atomic_queue, 128, int32_t, 100000, 2735
spsc_atomic_queue2, 128, int32_t, 100000, 2823
boost_queue, 128, int32_t, 100000, 23790
spsc_boost_queue, 128, int32_t, 100000, 7689
xenium_ramalhete_queue, 128, int32_t, 100000, 9880
moodycamel_concurrentqueue, 128, int32_t, 100000, 14318
spsc_moodycamel_readerwriterqueue, 128, int32_t, 100000, 13740
spsc_moodycamel_readerwritercircularbuffer, 128, int32_t, 100000, 15493
lat_circular_queue, 128, int32_t, 100000, 5614
tp_circular_queue, 128, int32_t, 100000, 6962
ultra_tp_circular_queue, 128, int32_t, 100000, 5725
lat_blocking_circular_queue, 128, int32_t, 100000, 4099
tp_blocking_circular_queue, 128, int32_t, 100000, 4707
ultra_tp_blocking_circular_queue, 128, int32_t, 100000, 4797
atomic_queue, 128, int32_t, 100000, 7047
atomic_queue2, 128, int32_t, 100000, 7267
try_atomic_queue2, 128, int32_t, 100000, 13814
spsc_atomic_queue, 128, int32_t, 100000, 3310
spsc_atomic_queue2, 128, int32_t, 100000, 2822
boost_queue, 128, int32_t, 100000, 23956
spsc_boost_queue, 128, int32_t, 100000, 8022
xenium_ramalhete_queue, 128, int32_t, 100000, 10309
moodycamel_concurrentqueue, 128, int32_t, 100000, 13592
spsc_moodycamel_readerwriterqueue, 128, int32_t, 100000, 14044
spsc_moodycamel_readerwritercircularbuffer, 128, int32_t, 100000, 15864
lat_circular_queue, 128, int32_t, 100000, 6014
tp_circular_queue, 128, int32_t, 100000, 6507
ultra_tp_circular_queue, 128, int32_t, 100000, 6719
lat_blocking_circular_queue, 128, int32_t, 100000, 4545
tp_blocking_circular_queue, 128, int32_t, 100000, 6240
ultra_tp_blocking_circular_queue, 128, int32_t, 100000, 6042
atomic_queue, 128, int32_t, 100000, 6870
atomic_queue2, 128, int32_t, 100000, 7362
try_atomic_queue2, 128, int32_t, 100000, 13888
spsc_atomic_queue, 128, int32_t, 100000, 3219
spsc_atomic_queue2, 128, int32_t, 100000, 3199
boost_queue, 128, int32_t, 100000, 24095
spsc_boost_queue, 128, int32_t, 100000, 8348
xenium_ramalhete_queue, 128, int32_t, 100000, 10138
moodycamel_concurrentqueue, 128, int32_t, 100000, 14521
spsc_moodycamel_readerwriterqueue, 128, int32_t, 100000, 13730
spsc_moodycamel_readerwritercircularbuffer, 128, int32_t, 100000, 15358
lat_circular_queue, 128, int32_t, 100000, 6537
tp_circular_queue, 128, int32_t, 100000, 7250
ultra_tp_circular_queue, 128, int32_t, 100000, 5830
lat_blocking_circular_queue, 128, int32_t, 100000, 5847
tp_blocking_circular_queue, 128, int32_t, 100000, 4592
ultra_tp_blocking_circular_queue, 128, int32_t, 100000, 4071
atomic_queue, 128, int32_t, 100000, 6719
atomic_queue2, 128, int32_t, 100000, 7527
try_atomic_queue2, 128, int32_t, 100000, 13842
spsc_atomic_queue, 128, int32_t, 100000, 3060
spsc_atomic_queue2, 128, int32_t, 100000, 2854
boost_queue, 128, int32_t, 100000, 24088
spsc_boost_queue, 128, int32_t, 100000, 8606
xenium_ramalhete_queue, 128, int32_t, 100000, 10117
moodycamel_concurrentqueue, 128, int32_t, 100000, 17195
spsc_moodycamel_readerwriterqueue, 128, int32_t, 100000, 13640
spsc_moodycamel_readerwritercircularbuffer, 128, int32_t, 100000, 15649
lat_circular_queue, 128, int32_t, 100000, 5792
tp_circular_queue, 128, int32_t, 100000, 6917
ultra_tp_circular_queue, 128, int32_t, 100000, 7719
lat_blocking_circular_queue, 128, int32_t, 100000, 4123
tp_blocking_circular_queue, 128, int32_t, 100000, 5798
ultra_tp_blocking_circular_queue, 128, int32_t, 100000, 4020
atomic_queue, 128, int32_t, 100000, 7004
atomic_queue2, 128, int32_t, 100000, 7398
try_atomic_queue2, 128, int32_t, 100000, 13813
spsc_atomic_queue, 128, int32_t, 100000, 2929
spsc_atomic_queue2, 128, int32_t, 100000, 2791
boost_queue, 128, int32_t, 100000, 23861
spsc_boost_queue, 128, int32_t, 100000, 7906
xenium_ramalhete_queue, 128, int32_t, 100000, 10255
moodycamel_concurrentqueue, 128, int32_t, 100000, 16662
spsc_moodycamel_readerwriterqueue, 128, int32_t, 100000, 13568
spsc_moodycamel_readerwritercircularbuffer, 128, int32_t, 100000, 15806
lat_circular_queue, 128, int32_t, 100000, 5991
tp_circular_queue, 128, int32_t, 100000, 6648
ultra_tp_circular_queue, 128, int32_t, 100000, 7349
lat_blocking_circular_queue, 128, int32_t, 100000, 4001
tp_blocking_circular_queue, 128, int32_t, 100000, 5586
ultra_tp_blocking_circular_queue, 128, int32_t, 100000, 4002
atomic_queue, 128, int32_t, 100000, 6689
atomic_queue2, 128, int32_t, 100000, 7670
try_atomic_queue2, 128, int32_t, 100000, 13543
spsc_atomic_queue, 128, int32_t, 100000, 4088
spsc_atomic_queue2, 128, int32_t, 100000, 2720
boost_queue, 128, int32_t, 100000, 23959
spsc_boost_queue, 128, int32_t, 100000, 8367
xenium_ramalhete_queue, 128, int32_t, 100000, 10209
moodycamel_concurrentqueue, 128, int32_t, 100000, 14326
spsc_moodycamel_readerwriterqueue, 128, int32_t, 100000, 13076
spsc_moodycamel_readerwritercircularbuffer, 128, int32_t, 100000, 15613
lat_circular_queue, 128, int32_t, 100000, 5749
tp_circular_queue, 128, int32_t, 100000, 5867
ultra_tp_circular_queue, 128, int32_t, 100000, 6372
lat_blocking_circular_queue, 128, int32_t, 100000, 4032
tp_blocking_circular_queue, 128, int32_t, 100000, 4984
ultra_tp_blocking_circular_queue, 128, int32_t, 100000, 4474
atomic_queue, 128, int32_t, 100000, 6705
atomic_queue2, 128, int32_t, 100000, 7504
try_atomic_queue2, 128, int32_t, 100000, 13958
spsc_atomic_queue, 128, int32_t, 100000, 3237
spsc_atomic_queue2, 128, int32_t, 100000, 3967
boost_queue, 128, int32_t, 100000, 24151
spsc_boost_queue, 128, int32_t, 100000, 7941
xenium_ramalhete_queue, 128, int32_t, 100000, 9960
moodycamel_concurrentqueue, 128, int32_t, 100000, 17069
spsc_moodycamel_readerwriterqueue, 128, int32_t, 100000, 13566
spsc_moodycamel_readerwritercircularbuffer, 128, int32_t, 100000, 15454
lat_circular_queue, 128, int32_t, 100000, 5751
tp_circular_queue, 128, int32_t, 100000, 5915
ultra_tp_circular_queue, 128, int32_t, 100000, 5846
lat_blocking_circular_queue, 128, int32_t, 100000, 4642
tp_blocking_circular_queue, 128, int32_t, 100000, 5741
ultra_tp_blocking_circular_queue, 128, int32_t, 100000, 4185
atomic_queue, 128, int32_t, 100000, 6708
atomic_queue2, 128, int32_t, 100000, 7315
try_atomic_queue2, 128, int32_t, 100000, 13898
spsc_atomic_queue, 128, int32_t, 100000, 2842
spsc_atomic_queue2, 128, int32_t, 100000, 3161
boost_queue, 128, int32_t, 100000, 23861
spsc_boost_queue, 128, int32_t, 100000, 8419
xenium_ramalhete_queue, 128, int32_t, 100000, 9943
moodycamel_concurrentqueue, 128, int32_t, 100000, 14643
spsc_moodycamel_readerwriterqueue, 128, int32_t, 100000, 12982
spsc_moodycamel_readerwritercircularbuffer, 128, int32_t, 100000, 15813
lat_circular_queue, 128, int32_t, 100000, 5665
tp_circular_queue, 128, int32_t, 100000, 6766
ultra_tp_circular_queue, 128, int32_t, 100000, 7380
lat_blocking_circular_queue, 128, int32_t, 100000, 3940
tp_blocking_circular_queue, 128, int32_t, 100000, 5179
ultra_tp_blocking_circular_queue, 128, int32_t, 100000, 5650
atomic_queue, 128, int32_t, 100000, 6661
atomic_queue2, 128, int32_t, 100000, 7262
try_atomic_queue2, 128, int32_t, 100000, 13662
spsc_atomic_queue, 128, int32_t, 100000, 3272
spsc_atomic_queue2, 128, int32_t, 100000, 3398
boost_queue, 128, int32_t, 100000, 23703
spsc_boost_queue, 128, int32_t, 100000, 8246
xenium_ramalhete_queue, 128, int32_t, 100000, 10205
moodycamel_concurrentqueue, 128, int32_t, 100000, 13568
spsc_moodycamel_readerwriterqueue, 128, int32_t, 100000, 13491
spsc_moodycamel_readerwritercircularbuffer, 128, int32_t, 100000, 16013
lat_circular_queue, 128, int32_t, 100000, 5722
tp_circular_queue, 128, int32_t, 100000, 9465
ultra_tp_circular_queue, 128, int32_t, 100000, 9756
lat_blocking_circular_queue, 128, int32_t, 100000, 4991
tp_blocking_circular_queue, 128, int32_t, 100000, 5174
ultra_tp_blocking_circular_queue, 128, int32_t, 100000, 5223
atomic_queue, 128, int32_t, 100000, 6711
atomic_queue2, 128, int32_t, 100000, 7336
try_atomic_queue2, 128, int32_t, 100000, 13893
spsc_atomic_queue, 128, int32_t, 100000, 3378
spsc_atomic_queue2, 128, int32_t, 100000, 2759
boost_queue, 128, int32_t, 100000, 23976
spsc_boost_queue, 128, int32_t, 100000, 8045
xenium_ramalhete_queue, 128, int32_t, 100000, 9950
moodycamel_concurrentqueue, 128, int32_t, 100000, 16347
spsc_moodycamel_readerwriterqueue, 128, int32_t, 100000, 13258
spsc_moodycamel_readerwritercircularbuffer, 128, int32_t, 100000, 15556
lat_circular_queue, 128, int32_t, 100000, 6294
tp_circular_queue, 128, int32_t, 100000, 7206
ultra_tp_circular_queue, 128, int32_t, 100000, 6991
lat_blocking_circular_queue, 128, int32_t, 100000, 4168
tp_blocking_circular_queue, 128, int32_t, 100000, 6519
ultra_tp_blocking_circular_queue, 128, int32_t, 100000, 5415
atomic_queue, 128, int32_t, 100000, 6690
atomic_queue2, 128, int32_t, 100000, 7168
try_atomic_queue2, 128, int32_t, 100000, 13743
spsc_atomic_queue, 128, int32_t, 100000, 2801
spsc_atomic_queue2, 128, int32_t, 100000, 3174
boost_queue, 128, int32_t, 100000, 23762
spsc_boost_queue, 128, int32_t, 100000, 8511
xenium_ramalhete_queue, 128, int32_t, 100000, 9957
moodycamel_concurrentqueue, 128, int32_t, 100000, 17124
spsc_moodycamel_readerwriterqueue, 128, int32_t, 100000, 13779
spsc_moodycamel_readerwritercircularbuffer, 128, int32_t, 100000, 15445
lat_circular_queue, 128, int32_t, 100000, 5647
tp_circular_queue, 128, int32_t, 100000, 6814
ultra_tp_circular_queue, 128, int32_t, 100000, 6352
lat_blocking_circular_queue, 128, int32_t, 100000, 5394
tp_blocking_circular_queue, 128, int32_t, 100000, 7544
ultra_tp_blocking_circular_queue, 128, int32_t, 100000, 6329
atomic_queue, 128, int32_t, 100000, 6629
atomic_queue2, 128, int32_t, 100000, 7403
try_atomic_queue2, 128, int32_t, 100000, 13732
spsc_atomic_queue, 128, int32_t, 100000, 2802
spsc_atomic_queue2, 128, int32_t, 100000, 2879
boost_queue, 128, int32_t, 100000, 24162
spsc_boost_queue, 128, int32_t, 100000, 8271
xenium_ramalhete_queue, 128, int32_t, 100000, 10216
moodycamel_concurrentqueue, 128, int32_t, 100000, 17174
spsc_moodycamel_readerwriterqueue, 128, int32_t, 100000, 13321
spsc_moodycamel_readerwritercircularbuffer, 128, int32_t, 100000, 15592
lat_circular_queue, 128, int32_t, 100000, 5657
tp_circular_queue, 128, int32_t, 100000, 6320
ultra_tp_circular_queue, 128, int32_t, 100000, 7727
lat_blocking_circular_queue, 128, int32_t, 100000, 3948
tp_blocking_circular_queue, 128, int32_t, 100000, 4536
ultra_tp_blocking_circular_queue, 128, int32_t, 100000, 3979
atomic_queue, 128, int32_t, 100000, 6600
atomic_queue2, 128, int32_t, 100000, 7322
try_atomic_queue2, 128, int32_t, 100000, 13891
spsc_atomic_queue, 128, int32_t, 100000, 2764
spsc_atomic_queue2, 128, int32_t, 100000, 3797
boost_queue, 128, int32_t, 100000, 23909
spsc_boost_queue, 128, int32_t, 100000, 8265
xenium_ramalhete_queue, 128, int32_t, 100000, 10155
moodycamel_concurrentqueue, 128, int32_t, 100000, 14274
spsc_moodycamel_readerwriterqueue, 128, int32_t, 100000, 13029
spsc_moodycamel_readerwritercircularbuffer, 128, int32_t, 100000, 15672
